{
"avg_TS_f1_0": 0.38461538461538464,
"std_TS_f1_0": 0.0,
"avg_TS_ap_0": 0.4662326207289814,
"std_TS_ap_0": 0.0,
"avg_TS_auc_0": 0.8752215526409075,
"std_TS_auc_0": 0.0,
"avg_TS_f1_all": 0.38461538461538464,
"std_TS_f1_all": 0.0,
"avg_TS_ap_all": 0.4662326207289814,
"std_TS_ap_all": 0.0,
"avg_TS_auc_all": 0.8752215526409075,
"std_TS_auc_all": 0.0
}